{
  "drop_rolling": {
    "accuracy": 0.5447154471544715,
    "log_loss": 0.6897113525874211,
    "auc": 0.5658123255268822
  },
  "drop_h2h": {
    "accuracy": 0.6365853658536585,
    "log_loss": 0.6431649359905619,
    "auc": 0.6755705670509515
  },
  "drop_rest": {
    "accuracy": 0.6186991869918699,
    "log_loss": 0.6517734879435412,
    "auc": 0.6648091716922028
  },
  "diff_only": {
    "accuracy": 0.6471544715447154,
    "log_loss": 0.6289337585871891,
    "auc": 0.6971785965435676
  },
  "full": {
    "accuracy": 0.6365853658536585,
    "log_loss": 0.6464371339594508,
    "auc": 0.6741561361263237
  }
}