{
  "lstm": {
    "accuracy": 0.6390243902439025,
    "log_loss": 0.6376238185061337,
    "brier": 0.2234175056219101,
    "auc": 0.6878342958211691,
    "best_val_loss": 0.6666406393051147,
    "fit_seconds": 6.093596458435059
  },
  "transformer": {
    "accuracy": 0.6138211382113821,
    "log_loss": 0.646113087847743,
    "brier": 0.22759199142456055,
    "auc": 0.6829969953331769,
    "best_val_loss": 0.6714529991149902,
    "fit_seconds": 12.004800081253052
  }
}